﻿[
{"level":"1","title":"Annihilate the living","md5":"d1253dd56bb2087d0b0d474f0d562aae","video1":"","video2":"7iAdBbjpBzM","url_diff":"http://stellawingroad.web.fc2.com/i/pms2013.html","name_diff":"あーさん (BOF2013PMS)","url":"http://www.ceena.net/view.php?id=130928232042-195010","artist":"Rocky","comment":"","state":"1"},
{"level":"1","title":"010","md5":"bca48fc77c05a8d85215f46ac6d7be59","video1":"","video2":"","url_diff":"http://1drv.ms/1kLgKrp","name_diff":"深海","url":"http://www.ceena.net/view.php?id=110929005410-456216","artist":"eoll (BOF2011パッケージ)","comment":"","state":""},
{"level":"2","title":"1024","md5":"06abbf52c401e0832930d23e72097a10","video1":"","video2":"","url_diff":"","name_diff":"本体に同梱","url":"http://manbow.nothing.sh/event/event.cgi?action=More_def&num=23&event=85","artist":"風鈴奏","comment":"","state":"4"},
{"level":"2","title":"Unknown","md5":"9c16e19a9c8e4abab83eb0e8c17b15c0","video1":"","video2":"","url_diff":"http://www.jzxyst.net/public/tukiyama/unknown_ogg.zip","name_diff":"つきやま","url":"http://stairway.sakura.ne.jp/unknown_ogg.zip","artist":"東せつな","comment":"","state":"1"},
{"level":"3","title":"-+","md5":"9a78d3b4b5f6f43bd24eab9314d9a852","video1":"","video2":"vnsrp4ICS44","url_diff":"","name_diff":"sugar (BOF2013PMS)","url":"http://pmsdifficulty.xxxxxxxx.jp/BOFPMS.html","artist":"daisan","comment":"","state":"3"},
{"level":"3","title":"0831","md5":"b300e55b7ce7a797feba360a91e16a9e","video1":"","video2":"","url_diff":"","name_diff":"TM","url":"http://toymusical.net/","artist":"wada mizuki","comment":"","state":"4"},
{"level":"4","title":"[LR2IR登録不可]キミとの境界線","md5":"bf1e699b3826689dfdc134eeb06e9180","video1":"","video2":"","url_diff":"","name_diff":"本体に同梱","url":"http://manbow.nothing.sh/event/event.cgi?action=More_def&num=26&event=80","artist":"ナナク","comment":"","state":"5"},
{"level":"4","title":"Act Beloved","md5":"768e5f3475e6f3e68bb2e41e5c114e0c","video1":"","video2":"","url_diff":"http://drowsy.hannnari.com/index.html","name_diff":"あーさん","url":"http://www.ceena.net/view.php?id=110929005410-456216","artist":"void (BOF2011パッケージ)","comment":"","state":""},
{"level":"4","title":"Artemis","md5":"ac886f1251eb47b68dd582b64c097df7","video1":"24672122","video2":"","url_diff":"http://milky.geocities.jp/starlights_ctn/","name_diff":"cotton","url":"http://www.ceena.net/view.php?id=120929235457-966460","artist":"mono (BOF2012パッケージ)","comment":"","state":""},
{"level":"5","title":"axs","md5":"0bfbeebc23834f8c91a8dbf5a402a254","video1":"","video2":"Dfamad3m7CY","url_diff":"http://nigo10sabun.web.fc2.com/","name_diff":"ニシガバチ","url":"https://mega.nz/#F!UFsB0YyB!kwwXNr3CgJq-FvL19myHcA!ENcwFKTA","artist":"DJ TECHNORCH","comment":"","state":"4"},
{"level":"50","title":"ミルキーベリー・スウィートタイム","md5":"170c14e1719b5aa29993cbbc63482c2e","video1":"","video2":"lgL1ccUatEQ","url_diff":"","name_diff":"Seri (BOFU2015PMS)","url":"http://pmsdifficulty.xxxxxxxx.jp/BOFPMS.html","artist":"ぽんきち (movie :BGI/氏上つかさ)","comment":"","state":"2"},
{"level":"99","title":"GO！GO！千年女王","md5":"f4b5f0542de4c6570c879d87e991850f","video1":"","video2":"","url_diff":"https://web.archive.org/web/20161230040242/https:/dl.dropboxusercontent.com/u/40341869/etc/551000.zip","name_diff":"神","url":"https://onedrive.live.com/?id=FC95A680740CA8C9%21286&cid=FC95A680740CA8C9","artist":"しらいし","comment":"","state":""},
{"level":"!i","title":"Triunph !i","md5":"9181edf7a543577b14521f7bf206d8c8","video1":"","video2":"BDUTgi8XMfc","url_diff":"","name_diff":"本体に同梱","url":"http://manbow.nothing.sh/event/event.cgi?action=More_def&num=37&event=69","artist":"rhomb","comment":"","state":"6"}]